1;Product1;1234;1;fadsjklnadsf;0
2;Product2;2345;1,1;nkafdsjkladsfjnladsf;1
3;Product3;3456;1,2;nkladsflnkadsfnljknlkjadsf;2
4;Product4;4567;1,3;nkladsfljkadsjklnjlkndsnjkladsf;3
5;Product5;5678;1,4;njkladsfjlnkafdslnjkas;0
6;Product6;6789;1,5;nljkasdflkjnajklndsf;1
7;Product7;4321;1,6;fadsjklnadsf;2
8;Product8;5432;1,7;nkafdsjkladsfjnladsf;3
9;Product9;6543;1,8;nkladsflnkadsfnljknlkjadsf;0
10;Product10;7654;1,9;nkladsfljkadsjklnjlkndsnjkladsf;1
11;Product11;8765;2;njkladsfjlnkafdslnjkas;2
12;Product12;9876;2,1;nljkasdflkjnajklndsf;3
13;Product13;6978;2,2;fadsjklnadsf;0
14;Product14;5867;2,3;nkafdsjkladsfjnladsf;1
15;Product15;4756;2,4;nkladsflnkadsfnljknlkjadsf;1
16;Product16;3645;2,5;nkladsfljkadsjklnjlkndsnjkladsf;3
17;Product17;2354;2,6;njkladsfjlnkafdslnjkas;0
18;Product18;1423;2,7;nljkasdflkjnajklndsf;1
19;Product19;1234;2,8;fadsjklnadsf;2
20;Product20;2345;2,9;nkafdsjkladsfjnladsf;3
21;Product21;3456;3;nkladsflnkadsfnljknlkjadsf;0
22;Product22;4567;3,1;nkladsfljkadsjklnjlkndsnjkladsf;1
23;Product23;5678;3,2;njkladsfjlnkafdslnjkas;2
24;Product24;6789;3,3;nljkasdflkjnajklndsf;3
25;Product25;4321;3,4;fadsjklnadsf;0
26;Product26;5432;3,5;nkafdsjkladsfjnladsf;1
27;Product27;6543;3,6;nkladsflnkadsfnljknlkjadsf;2
28;Product28;7654;3,7;nkladsfljkadsjklnjlkndsnjkladsf;3
29;Product29;8765;3,8;njkladsfjlnkafdslnjkas;0
30;Product30;9876;3,9;nljkasdflkjnajklndsf;1
31;Product31;6978;4;fadsjklnadsf;2
32;Product32;5867;4,1;nkafdsjkladsfjnladsf;3
33;Product33;4756;4,2;nkladsflnkadsfnljknlkjadsf;0
34;Product34;3645;4,3;nkladsfljkadsjklnjlkndsnjkladsf;1
35;Product35;2354;4,4;njkladsfjlnkafdslnjkas;2
36;Product36;1423;4,5;nljkasdflkjnajklndsf;3
37;Product37;1234;4,6;fadsjklnadsf;0
38;Product38;2345;4,7;nkafdsjkladsfjnladsf;1
39;Product39;3456;4,8;nkladsflnkadsfnljknlkjadsf;2
40;Product40;4567;4,9;nkladsfljkadsjklnjlkndsnjkladsf;3
41;Product41;5678;5;njkladsfjlnkafdslnjkas;0
42;Product42;6789;5,1;nljkasdflkjnajklndsf;1
43;Product43;4321;5,2;fadsjklnadsf;2
44;Product44;5432;5,3;nkafdsjkladsfjnladsf;3
45;Product45;6543;5,4;nkladsflnkadsfnljknlkjadsf;0
46;Product46;7654;5,5;nkladsfljkadsjklnjlkndsnjkladsf;1
47;Product47;8765;5,6;njkladsfjlnkafdslnjkas;2
48;Product48;9876;5,7;nljkasdflkjnajklndsf;3
49;Product49;6978;5,8;fadsjklnadsf;0
50;Product50;5867;5,9;nkafdsjkladsfjnladsf;0
51;Product51;4756;6;nkladsflnkadsfnljknlkjadsf;0
52;Product52;3645;6,1;nkladsfljkadsjklnjlkndsnjkladsf;0
53;Product53;2354;6,2;njkladsfjlnkafdslnjkas;0
54;Product54;1423;6,3;nljkasdflkjnajklndsf;0
55;Product55;1234;6,4;fadsjklnadsf;0
56;Product56;2345;6,5;nkafdsjkladsfjnladsf;0
57;Product57;3456;6,6;nkladsflnkadsfnljknlkjadsf;0
58;Product58;4567;6,7;nkladsfljkadsjklnjlkndsnjkladsf;0
59;Product59;5678;6,8;njkladsfjlnkafdslnjkas;0
60;Product60;6789;6,9;nljkasdflkjnajklndsf;0
61;Product61;4321;7;fadsjklnadsf;0
62;Product62;5432;7,1;nkafdsjkladsfjnladsf;0
63;Product63;6543;7,2;nkladsflnkadsfnljknlkjadsf;0
64;Product64;7654;7,3;nkladsfljkadsjklnjlkndsnjkladsf;0
65;Product65;8765;7,4;njkladsfjlnkafdslnjkas;0
66;Product66;9876;7,5;nljkasdflkjnajklndsf;0
67;Product67;6978;7,6;fadsjklnadsf;0
68;Product68;5867;7,7;nkafdsjkladsfjnladsf;0
69;Product69;4756;7,8;nkladsflnkadsfnljknlkjadsf;0
70;Product70;3645;7,9;nkladsfljkadsjklnjlkndsnjkladsf;0
71;Product71;2354;8;njkladsfjlnkafdslnjkas;0
72;Product72;1423;8,1;nljkasdflkjnajklndsf;0
73;Product73;1234;8,2;fadsjklnadsf;0
74;Product74;2345;8,3;nkafdsjkladsfjnladsf;0
75;Product75;3456;8,4;nkladsflnkadsfnljknlkjadsf;0
76;Product76;4567;8,5;nkladsfljkadsjklnjlkndsnjkladsf;0
77;Product77;5678;8,6;njkladsfjlnkafdslnjkas;0
78;Product78;6789;8,7;nljkasdflkjnajklndsf;0
79;Product79;4321;8,8;fadsjklnadsf;0
80;Product80;5432;8,9;nkafdsjkladsfjnladsf;0
81;Product81;6543;9;nkladsflnkadsfnljknlkjadsf;0
82;Product82;7654;9,1;nkladsfljkadsjklnjlkndsnjkladsf;0
83;Product83;8765;9,2;njkladsfjlnkafdslnjkas;0
84;Product84;9876;9,3;nljkasdflkjnajklndsf;0
85;Product85;6978;9,4;fadsjklnadsf;0
86;Product86;5867;9,5;nkafdsjkladsfjnladsf;0
87;Product87;4756;9,6;nkladsflnkadsfnljknlkjadsf;0
88;Product88;3645;9,7;nkladsfljkadsjklnjlkndsnjkladsf;0
89;Product89;2354;9,8;njkladsfjlnkafdslnjkas;0
90;Product90;1423;9,9;nljkasdflkjnajklndsf;0
91;Product91;1234;10;fadsjklnadsf;0
92;Product92;2345;10,1;nkafdsjkladsfjnladsf;0
93;Product93;3456;10,2;nkladsflnkadsfnljknlkjadsf;0
94;Product94;4567;10,3;nkladsfljkadsjklnjlkndsnjkladsf;0
95;Product95;5678;10,4;njkladsfjlnkafdslnjkas;0
96;Product96;6789;10,5;nljkasdflkjnajklndsf;0
97;Product97;4321;10,6;fadsjklnadsf;0
98;Product98;5432;10,7;nkafdsjkladsfjnladsf;0
99;Product99;6543;10,8;nkladsflnkadsfnljknlkjadsf;0
100;Product100;7654;10,9;nkladsfljkadsjklnjlkndsnjkladsf;0
101;Product101;8765;11;njkladsfjlnkafdslnjkas;0
102;Product102;9876;11,1;nljkasdflkjnajklndsf;0
103;Product103;6978;11,2;fadsjklnadsf;0
104;Product104;5867;11,3;nkafdsjkladsfjnladsf;0
105;Product105;4756;11,4;nkladsflnkadsfnljknlkjadsf;0
106;Product106;3645;11,5;nkladsfljkadsjklnjlkndsnjkladsf;0
107;Product107;2354;11,6;njkladsfjlnkafdslnjkas;0
108;Product108;1423;11,7;nljkasdflkjnajklndsf;0
109;Product109;1234;11,8;fadsjklnadsf;0
110;Product110;1234;11,9;nkafdsjkladsfjnladsf;0
111;Product111;2345;12;nkladsflnkadsfnljknlkjadsf;0
112;Product112;3456;12,1;nkladsfljkadsjklnjlkndsnjkladsf;0
113;Product113;4567;12,2;njkladsfjlnkafdslnjkas;0
114;Product114;5678;12,3;nljkasdflkjnajklndsf;0
115;Product115;6789;12,4;fadsjklnadsf;0
116;Product116;4321;12,5;nkafdsjkladsfjnladsf;0
117;Product117;5432;12,6;nkladsflnkadsfnljknlkjadsf;0
118;Product118;6543;12,7;nkladsfljkadsjklnjlkndsnjkladsf;0
119;Product119;7654;12,8;njkladsfjlnkafdslnjkas;0
120;Product120;8765;12,9;nljkasdflkjnajklndsf;0
121;Product121;9876;13;fadsjklnadsf;0
122;Product122;6978;13,1;nkafdsjkladsfjnladsf;0
123;Product123;5867;13,2;nkladsflnkadsfnljknlkjadsf;0
124;Product124;4756;13,3;nkladsfljkadsjklnjlkndsnjkladsf;0
125;Product125;3645;13,4;njkladsfjlnkafdslnjkas;0
126;Product126;2354;13,5;nljkasdflkjnajklndsf;0
127;Product127;1423;13,6;fadsjklnadsf;0
128;Product128;1234;13,7;nkafdsjkladsfjnladsf;0
129;Product129;2345;13,8;nkladsflnkadsfnljknlkjadsf;0
130;Product130;3456;13,9;nkladsfljkadsjklnjlkndsnjkladsf;0
131;Product131;4567;14;njkladsfjlnkafdslnjkas;0
132;Product132;5678;14,1;nljkasdflkjnajklndsf;0
133;Product133;6789;14,2;fadsjklnadsf;0
134;Product134;4321;14,3;nkafdsjkladsfjnladsf;0
135;Product135;5432;14,4;nkladsflnkadsfnljknlkjadsf;0
136;Product136;6543;14,5;nkladsfljkadsjklnjlkndsnjkladsf;0
137;Product137;7654;14,6;njkladsfjlnkafdslnjkas;0
138;Product138;8765;14,7;nljkasdflkjnajklndsf;0
139;Product139;9876;14,8;fadsjklnadsf;0
140;Product140;6978;14,9;nkafdsjkladsfjnladsf;0
141;Product141;5867;15;nkladsflnkadsfnljknlkjadsf;0
142;Product142;4756;15,1;nkladsfljkadsjklnjlkndsnjkladsf;0
143;Product143;3645;15,2;njkladsfjlnkafdslnjkas;0
144;Product144;2354;15,3;nljkasdflkjnajklndsf;0
145;Product145;1423;15,4;fadsjklnadsf;0
146;Product146;1234;15,5;nkafdsjkladsfjnladsf;0
147;Product147;2345;15,6;nkladsflnkadsfnljknlkjadsf;0
148;Product148;3456;15,7;nkladsfljkadsjklnjlkndsnjkladsf;0
149;Product149;4567;15,8;njkladsfjlnkafdslnjkas;0
150;Product150;5678;15,9;nljkasdflkjnajklndsf;0
151;Product151;6789;16;fadsjklnadsf;0
152;Product152;4321;16,1;nkafdsjkladsfjnladsf;0
153;Product153;5432;16,2;nkladsflnkadsfnljknlkjadsf;0
154;Product154;6543;16,3;nkladsfljkadsjklnjlkndsnjkladsf;0
155;Product155;7654;16,4;njkladsfjlnkafdslnjkas;0
156;Product156;8765;16,5;nljkasdflkjnajklndsf;0
157;Product157;9876;16,6;fadsjklnadsf;0
158;Product158;6978;16,7;nkafdsjkladsfjnladsf;0
159;Product159;5867;16,8;nkladsflnkadsfnljknlkjadsf;0
160;Product160;4756;16,9;nkladsfljkadsjklnjlkndsnjkladsf;0
161;Product161;3645;17;njkladsfjlnkafdslnjkas;0
162;Product162;2354;17,1;nljkasdflkjnajklndsf;0
163;Product163;1423;17,2;fadsjklnadsf;0
164;Product164;1234;17,3;nkafdsjkladsfjnladsf;0
165;Product165;2345;17,4;nkladsflnkadsfnljknlkjadsf;0
166;Product166;3456;17,5;nkladsfljkadsjklnjlkndsnjkladsf;0
167;Product167;4567;17,6;njkladsfjlnkafdslnjkas;0
168;Product168;5678;17,7;nljkasdflkjnajklndsf;0
169;Product169;6789;17,8;fadsjklnadsf;0
170;Product170;4321;17,9;nkafdsjkladsfjnladsf;0
171;Product171;5432;18;nkladsflnkadsfnljknlkjadsf;0
172;Product172;6543;18,1;nkladsfljkadsjklnjlkndsnjkladsf;0
173;Product173;7654;18,2;njkladsfjlnkafdslnjkas;0
174;Product174;8765;18,3;nljkasdflkjnajklndsf;0
175;Product175;9876;18,4;fadsjklnadsf;0
176;Product176;6978;18,5;nkafdsjkladsfjnladsf;0
177;Product177;5867;18,6;nkladsflnkadsfnljknlkjadsf;0
178;Product178;4756;18,7;nkladsfljkadsjklnjlkndsnjkladsf;0
179;Product179;3645;18,8;njkladsfjlnkafdslnjkas;0
180;Product180;2354;18,9;nljkasdflkjnajklndsf;0
181;Product181;1423;19;fadsjklnadsf;0
182;Product182;1234;19,1;nkafdsjkladsfjnladsf;0
183;Product183;1234;19,2;nkladsflnkadsfnljknlkjadsf;0
184;Product184;2345;19,3;nkladsfljkadsjklnjlkndsnjkladsf;0
185;Product185;3456;19,4;njkladsfjlnkafdslnjkas;0
186;Product186;4567;19,5;nljkasdflkjnajklndsf;0
187;Product187;5678;19,6;fadsjklnadsf;0
188;Product188;6789;19,7;nkafdsjkladsfjnladsf;0
189;Product189;4321;19,8;nkladsflnkadsfnljknlkjadsf;0
190;Product190;5432;19,9;nkladsfljkadsjklnjlkndsnjkladsf;0
191;Product191;6543;20;njkladsfjlnkafdslnjkas;0
192;Product192;7654;20,1;nljkasdflkjnajklndsf;0
193;Product193;8765;20,2;fadsjklnadsf;0
194;Product194;9876;20,3;nkafdsjkladsfjnladsf;0
195;Product195;6978;20,4;nkladsflnkadsfnljknlkjadsf;0
196;Product196;5867;20,5;nkladsfljkadsjklnjlkndsnjkladsf;0
197;Product197;4756;20,6;njkladsfjlnkafdslnjkas;0
198;Product198;3645;20,7;nljkasdflkjnajklndsf;0
199;Product199;2354;20,8;fadsjklnadsf;0
200;Product200;1423;20,9;nkafdsjkladsfjnladsf;0
201;Product201;1234;21;nkladsflnkadsfnljknlkjadsf;0
202;Product202;2345;21,1;nkladsfljkadsjklnjlkndsnjkladsf;0
203;Product203;3456;21,2;njkladsfjlnkafdslnjkas;0
204;Product204;4567;21,3;nljkasdflkjnajklndsf;0
205;Product205;5678;21,4;fadsjklnadsf;0
206;Product206;6789;21,5;nkafdsjkladsfjnladsf;0
207;Product207;4321;21,6;nkladsflnkadsfnljknlkjadsf;0
208;Product208;5432;21,7;nkladsfljkadsjklnjlkndsnjkladsf;0
209;Product209;6543;21,8;njkladsfjlnkafdslnjkas;0
210;Product210;7654;21,9;nljkasdflkjnajklndsf;0
211;Product211;8765;22;fadsjklnadsf;0
212;Product212;9876;22,1;nkafdsjkladsfjnladsf;3
213;Product213;6978;22,2;nkladsflnkadsfnljknlkjadsf;3
214;Product214;5867;22,3;nkladsfljkadsjklnjlkndsnjkladsf;3
215;Product215;4756;22,4;njkladsfjlnkafdslnjkas;3
216;Product216;3645;22,5;nljkasdflkjnajklndsf;3
217;Product217;2354;22,6;fadsjklnadsf;3
218;Product218;1423;22,7;nkafdsjkladsfjnladsf;3
219;Product219;1234;22,8;nkladsflnkadsfnljknlkjadsf;3
220;Product220;2345;22,9;nkladsfljkadsjklnjlkndsnjkladsf;3
221;Product221;3456;23;njkladsfjlnkafdslnjkas;3
222;Product222;4567;23,1;nljkasdflkjnajklndsf;3
223;Product223;5678;23,2;fadsjklnadsf;3
224;Product224;6789;23,3;nkafdsjkladsfjnladsf;3
225;Product225;4321;23,4;nkladsflnkadsfnljknlkjadsf;3
226;Product226;5432;23,5;nkladsfljkadsjklnjlkndsnjkladsf;3
227;Product227;6543;23,6;njkladsfjlnkafdslnjkas;3
228;Product228;7654;23,7;nljkasdflkjnajklndsf;3
229;Product229;8765;23,8;fadsjklnadsf;3
230;Product230;9876;23,9;nkafdsjkladsfjnladsf;3
231;Product231;6978;24;nkladsflnkadsfnljknlkjadsf;3
232;Product232;5867;24,1;nkladsfljkadsjklnjlkndsnjkladsf;3
233;Product233;4756;24,2;njkladsfjlnkafdslnjkas;3
234;Product234;3645;24,3;nljkasdflkjnajklndsf;3
235;Product235;2354;24,4;fadsjklnadsf;3
236;Product236;1423;24,5;nkafdsjkladsfjnladsf;3
237;Product237;1234;24,6;nkladsflnkadsfnljknlkjadsf;3
238;Product238;2345;24,7;nkladsfljkadsjklnjlkndsnjkladsf;3
239;Product239;3456;24,8;njkladsfjlnkafdslnjkas;3
240;Product240;4567;24,9;nljkasdflkjnajklndsf;3
241;Product241;5678;25;fadsjklnadsf;3
242;Product242;6789;25,1;nkafdsjkladsfjnladsf;3
243;Product243;4321;25,2;nkladsflnkadsfnljknlkjadsf;3
244;Product244;5432;25,3;nkladsfljkadsjklnjlkndsnjkladsf;3
245;Product245;6543;25,4;njkladsfjlnkafdslnjkas;3
246;Product246;7654;25,5;nljkasdflkjnajklndsf;3
247;Product247;8765;25,6;fadsjklnadsf;3
248;Product248;9876;25,7;nkafdsjkladsfjnladsf;3
249;Product249;6978;25,8;nkladsflnkadsfnljknlkjadsf;3
250;Product250;5867;25,9;nkladsfljkadsjklnjlkndsnjkladsf;3
251;Product251;4756;26;njkladsfjlnkafdslnjkas;3
252;Product252;3645;26,1;nljkasdflkjnajklndsf;3
253;Product253;2354;26,2;fadsjklnadsf;3
254;Product254;1423;26,3;nkafdsjkladsfjnladsf;3
255;Product255;4756;26,4;nkladsflnkadsfnljknlkjadsf;3
256;Product256;3645;26,5;nkladsfljkadsjklnjlkndsnjkladsf;3
257;Product257;2354;26,6;njkladsfjlnkafdslnjkas;3
258;Product258;1423;26,7;nljkasdflkjnajklndsf;3
259;Product259;1234;26,8;fadsjklnadsf;3
260;Product260;2345;26,9;nkafdsjkladsfjnladsf;3
261;Product261;3456;27;nkladsflnkadsfnljknlkjadsf;3
262;Product262;4567;27,1;nkladsfljkadsjklnjlkndsnjkladsf;3
263;Product263;5678;27,2;njkladsfjlnkafdslnjkas;3
264;Product264;6789;27,3;nljkasdflkjnajklndsf;3
265;Product265;4321;27,4;fadsjklnadsf;3
266;Product266;5432;27,5;nkafdsjkladsfjnladsf;3
267;Product267;6543;27,6;nkladsflnkadsfnljknlkjadsf;3
268;Product268;7654;27,7;nkladsfljkadsjklnjlkndsnjkladsf;2